{
  "predictions_data": [
    {
      "x": 59.127216339111335,
      "y": 75.57326564330697,
      "width": 3.658618927001953,
      "height": 1.850434332893966,
      "rotation": 0.0,
      "score": 0.29379892349243164,
      "label": "motorcycle_plate",
      "orig_w": 2560,
      "orig_h": 1707
    }
  ],
  "raw_boxes_xyxy": [
    [
      1513.65673828125,
      1290.03564453125,
      1607.3173828125,
      1321.62255859375
    ]
  ],
  "raw_boxes_conf": [
    0.29379892349243164
  ],
  "raw_boxes_cls": [
    0.0
  ]
}