{
  "predictions_data": [
    {
      "x": 62.6700689853766,
      "y": 86.49362618582589,
      "width": 3.4866932926014957,
      "height": 2.81146240234375,
      "rotation": 0.0,
      "score": 0.2764962315559387,
      "label": "motorcycle_plate",
      "orig_w": 1170,
      "orig_h": 700
    }
  ],
  "raw_boxes_xyxy": [
    [
      733.2398071289062,
      605.4553833007812,
      774.0341186523438,
      625.1356201171875
    ]
  ],
  "raw_boxes_conf": [
    0.2764962315559387
  ],
  "raw_boxes_cls": [
    0.0
  ]
}