{
  "predictions": [
    {
      "x": 62.82051282051282,
      "y": 87.42857142857143,
      "width": 3.2478632478632483,
      "height": 1.5714285714285716,
      "rotation": 0.0,
      "score": 0.2764962315559387,
      "label": "plate",
      "orig_w": 1170,
      "orig_h": 700
    }
  ],
  "boxes_xyxy": [
    [
      733.2398071289062,
      605.4553833007812,
      774.0341186523438,
      625.1356201171875
    ]
  ]
}