{
  "predictions": [
    {
      "x": 59.10156250000001,
      "y": 76.15700058582308,
      "width": 3.6328125000000004,
      "height": 1.1716461628588166,
      "rotation": 0.0,
      "score": 0.29379892349243164,
      "label": "plate",
      "orig_w": 2560,
      "orig_h": 1707
    }
  ],
  "boxes_xyxy": [
    [
      1513.65673828125,
      1290.03564453125,
      1607.3173828125,
      1321.62255859375
    ]
  ]
}