{
  "predictions": [
    {
      "x": 61.30209346612294,
      "y": 76.31209522485733,
      "width": 3.314563234647115,
      "height": 1.6351845860481262,
      "rotation": 8.130104064941406,
      "score": 0.7881321907043457,
      "label": "plate",
      "orig_w": 960,
      "orig_h": 640
    }
  ],
  "boxes_xyxy": [
    [
      589.15234375,
      484.3706359863281,
      621.4453125,
      499.7456359863281
    ]
  ]
}